{"validation_loss": 1.0245510339736938, "bleu": 14.728853213114796}