{"validation_loss": 0.9988820552825928, "bleu": 15.89004001042259}