{"validation_loss": 0.9351542592048645, "bleu": 16.26075777130746}