{"validation_loss": 1.2251240015029907, "bleu": 10.999904140993175}