{"validation_loss": 1.314184308052063, "bleu": 7.837198485433757}