{"validation_loss": 1.0493247509002686, "bleu": 14.362525663147453}