{"validation_loss": 0.9505022764205933, "bleu": 14.783105459384469}