{"validation_loss": 0.9697272181510925, "bleu": 16.7978312298247}