{"validation_loss": 1.3726081848144531, "bleu": 7.546984683384481}