{"validation_loss": 1.1876174211502075, "bleu": 12.097858973584577}