{"validation_loss": 1.6272311210632324, "bleu": 5.086148010291286}