{"validation_loss": 1.8174059391021729, "bleu": 3.2085357358477387}