{"validation_loss": 1.4430174827575684, "bleu": 6.49693973096702}