{"validation_loss": 1.5196540355682373, "bleu": 6.831126573755047}