{"validation_loss": 0.9817366003990173, "bleu": 14.946222349596558}