{"validation_loss": 1.1129448413848877, "bleu": 13.83779772189144}