{"validation_loss": 1.1460448503494263, "bleu": 12.814468224068538}