{"validation_loss": 0.9229458570480347, "bleu": 15.823038941861391}