{"validation_loss": 1.2672171592712402, "bleu": 9.180106630813619}