{"validation_loss": 1.0810604095458984, "bleu": 12.940784968529934}